Histórico de cotações - BBAS3;
Date;value
18/11/2022;34,6
17/11/2022;34,21
16/11/2022;35,5
14/11/2022;36,13
11/11/2022;35,93
10/11/2022;36,32
09/11/2022;37,67
08/11/2022;37,89
07/11/2022;38,08
04/11/2022;39,37
03/11/2022;38,35
01/11/2022;37,6
31/10/2022;37,04
28/10/2022;38,58
27/10/2022;38,74
26/10/2022;38,27
25/10/2022;39,78
24/10/2022;41,47
21/10/2022;44,3
20/10/2022;43,17
19/10/2022;41,41
18/10/2022;40,65
17/10/2022;39,48
14/10/2022;39,38
13/10/2022;39,21
11/10/2022;39,38
10/10/2022;40,47
07/10/2022;40,56
06/10/2022;40,46
05/10/2022;39,81
04/10/2022;40,02
03/10/2022;41,4
30/09/2022;38,51
29/09/2022;38,17
28/09/2022;38,62
27/09/2022;38,76
26/09/2022;39,2
23/09/2022;40,52
22/09/2022;40,73
21/09/2022;40,63
20/09/2022;40,62
19/09/2022;39,92
16/09/2022;39,14
15/09/2022;40,04
14/09/2022;40,42
13/09/2022;40,28
12/09/2022;41,41
09/09/2022;40,61
08/09/2022;39,49
06/09/2022;39,64
05/09/2022;41,74
02/09/2022;42,66
01/09/2022;42,03
31/08/2022;41,93
31/08/2022;41,93
31/08/2022;41,93
31/08/2022;41,93
30/08/2022;42,32
29/08/2022;42,42
26/08/2022;41,46
25/08/2022;41,43
24/08/2022;41,1
23/08/2022;41,48
22/08/2022;41,13
19/08/2022;40,8
18/08/2022;42,09
17/08/2022;42,77
16/08/2022;42,99
15/08/2022;43,14
12/08/2022;43,42
11/08/2022;41,91
10/08/2022;39,89
09/08/2022;39,4
08/08/2022;38,78
05/08/2022;37,55
04/08/2022;36,98
03/08/2022;36,33
02/08/2022;36,12
01/08/2022;35,77
29/07/2022;36,17
28/07/2022;36
27/07/2022;35,43
26/07/2022;35,47
25/07/2022;35,14
22/07/2022;34,69
21/07/2022;34,63
20/07/2022;34,7
19/07/2022;34,31
18/07/2022;33,81
15/07/2022;33,15
14/07/2022;32,31
13/07/2022;32,74
12/07/2022;32,92
11/07/2022;33
08/07/2022;33,41
07/07/2022;33,15
06/07/2022;32,59
05/07/2022;32,65
04/07/2022;33,03
01/07/2022;33,04
30/06/2022;33,14
29/06/2022;33,1
28/06/2022;33,39
27/06/2022;32,98
24/06/2022;32,39
23/06/2022;32,5
22/06/2022;32,87
21/06/2022;33,28
20/06/2022;34,44
17/06/2022;33,68
15/06/2022;34,09
14/06/2022;33,65
13/06/2022;33,73
10/06/2022;34,53
09/06/2022;35,33
08/06/2022;35,2
07/06/2022;35,51
06/06/2022;35,91
03/06/2022;36,2
02/06/2022;36,71
01/06/2022;36,47
31/05/2022;36,67
31/05/2022;36,67
30/05/2022;35,87
27/05/2022;37,02
26/05/2022;37,61
25/05/2022;37,18
24/05/2022;37,56
23/05/2022;38,22
20/05/2022;36,81
19/05/2022;35,68
18/05/2022;36,2
17/05/2022;36,31
16/05/2022;35,46
13/05/2022;35,09
12/05/2022;34,95
11/05/2022;34,16
10/05/2022;33,58
09/05/2022;33,86
06/05/2022;33,93
05/05/2022;33,47
04/05/2022;34,09
03/05/2022;33,62
02/05/2022;32,84
29/04/2022;33,77
28/04/2022;33,92
27/04/2022;34,15
26/04/2022;33,88
25/04/2022;34,45
22/04/2022;34,43
20/04/2022;34,99
19/04/2022;35,49
18/04/2022;36,11
14/04/2022;35,25
13/04/2022;35,21
12/04/2022;35,09
11/04/2022;35,03
08/04/2022;34,69
07/04/2022;34,09
06/04/2022;33,48
05/04/2022;33,6
04/04/2022;34,25
01/04/2022;34,73
31/03/2022;34,95
30/03/2022;34,77
29/03/2022;35,02
28/03/2022;35,01
25/03/2022;35,38
24/03/2022;35,35
23/03/2022;34,93
22/03/2022;35,07
21/03/2022;34,16
18/03/2022;33,7
17/03/2022;33,68
16/03/2022;33,12
15/03/2022;33,11
14/03/2022;33,87
11/03/2022;33,78
11/03/2022;33,78
11/03/2022;33,78
11/03/2022;33,78
10/03/2022;33,94
09/03/2022;34,28
08/03/2022;32,67
07/03/2022;32,91
04/03/2022;33,85
03/03/2022;34,89
02/03/2022;35,43
25/02/2022;35,01
24/02/2022;34,58
23/02/2022;35,9
22/02/2022;35,83
21/02/2022;35,5
18/02/2022;35,98
17/02/2022;35,42
16/02/2022;35,4
15/02/2022;35,31
14/02/2022;33,44
11/02/2022;33,27
10/02/2022;32,35
09/02/2022;32,06
08/02/2022;32,09
07/02/2022;31,95
04/02/2022;32,23
03/02/2022;32,28
02/02/2022;32,07
01/02/2022;32,55
31/01/2022;32,59
28/01/2022;32,37
27/01/2022;32,38
26/01/2022;31,96
25/01/2022;31,96
24/01/2022;31,3
21/01/2022;31,17
20/01/2022;31,29
19/01/2022;31,04
18/01/2022;30,69
17/01/2022;30,34
14/01/2022;30,36
13/01/2022;29,61
12/01/2022;29,1
11/01/2022;28,83
10/01/2022;28,81
07/01/2022;28,62
06/01/2022;28,63
05/01/2022;28,57
04/01/2022;28,88
03/01/2022;29,11
30/12/2021;28,92
29/12/2021;29,06
28/12/2021;29,11
27/12/2021;29,3
23/12/2021;29,26
22/12/2021;29,28
21/12/2021;29,81
20/12/2021;29,54
17/12/2021;30,45
16/12/2021;31,44
15/12/2021;31,37
14/12/2021;32,3
13/12/2021;32,54
10/12/2021;32,44
09/12/2021;32,14
08/12/2021;32,71
07/12/2021;32,81
06/12/2021;33,26
03/12/2021;32,28
02/12/2021;32,14
01/12/2021;31,99
30/11/2021;31,21
29/11/2021;31,15
26/11/2021;30,86
25/11/2021;31,42
24/11/2021;29,88
23/11/2021;29,09
22/11/2021;29,1
19/11/2021;29,05
18/11/2021;29,08
17/11/2021;29,57
16/11/2021;29,92
12/11/2021;30,21
11/11/2021;30,5
10/11/2021;30,63
09/11/2021;29,88
08/11/2021;29,37
05/11/2021;29,24
04/11/2021;28,81
03/11/2021;29,44
01/11/2021;29,24
29/10/2021;28,67
28/10/2021;28,97
27/10/2021;29,47
26/10/2021;29,25
25/10/2021;29,47
22/10/2021;28,87
21/10/2021;30,03
20/10/2021;31,1
19/10/2021;31,06
18/10/2021;31,93
15/10/2021;31,4
14/10/2021;30,78
13/10/2021;30,73
11/10/2021;30,82
08/10/2021;31,01
07/10/2021;30,48
06/10/2021;30,32
05/10/2021;30,22
04/10/2021;29,12
01/10/2021;29,38
30/09/2021;29,14
29/09/2021;29,46
28/09/2021;29,57
27/09/2021;29,82
24/09/2021;29,3
23/09/2021;29,56
22/09/2021;29,41
21/09/2021;28,53
20/09/2021;28,06
17/09/2021;29,13
16/09/2021;29,19
15/09/2021;29,07
14/09/2021;29,37
13/09/2021;29,7
10/09/2021;29,43
09/09/2021;28,57
08/09/2021;28,72
06/09/2021;29,41
03/09/2021;29,04
02/09/2021;29,6
01/09/2021;30,58
31/08/2021;30,52
31/08/2021;30,52
30/08/2021;30,33
27/08/2021;30,37
26/08/2021;30,25
25/08/2021;30,32
24/08/2021;30,53
23/08/2021;29,88
20/08/2021;29,61
19/08/2021;29,66
18/08/2021;29,69
17/08/2021;29,27
16/08/2021;29,58
13/08/2021;29,39
12/08/2021;29,93
11/08/2021;30,58
10/08/2021;31,03
09/08/2021;31,79
06/08/2021;31,58
05/08/2021;31,56
04/08/2021;31,42
03/08/2021;31,83
02/08/2021;32,44
30/07/2021;31,78
29/07/2021;32,42
28/07/2021;32,7
27/07/2021;32,32
26/07/2021;32,17
23/07/2021;31,84
22/07/2021;32,09
21/07/2021;32,4
20/07/2021;31,89
19/07/2021;31,51
16/07/2021;32,05
15/07/2021;32,27
14/07/2021;32,8
13/07/2021;32,37
12/07/2021;32,39
08/07/2021;31,5
07/07/2021;31,66
06/07/2021;31,52
05/07/2021;31,97
02/07/2021;32,15
01/07/2021;31,91
30/06/2021;32,2
29/06/2021;32,44
28/06/2021;32,6
25/06/2021;33,23
24/06/2021;33,99
23/06/2021;34,02
22/06/2021;33,88
21/06/2021;34,65
18/06/2021;34,7
17/06/2021;35,44
16/06/2021;35,75
15/06/2021;35,4
14/06/2021;35,62
11/06/2021;35,3
10/06/2021;35,76
09/06/2021;35,88
08/06/2021;36,27
07/06/2021;36,34
04/06/2021;35,53
02/06/2021;34,92
01/06/2021;33,88
31/05/2021;33,52
28/05/2021;33,43
28/05/2021;33,43
27/05/2021;33,21
26/05/2021;32,71
25/05/2021;32,61
24/05/2021;32,88
21/05/2021;33,02
20/05/2021;32,76
19/05/2021;32,46
18/05/2021;32,14
17/05/2021;31,54
14/05/2021;31,26
13/05/2021;31,02
12/05/2021;30,48
11/05/2021;30,31
10/05/2021;30,3
07/05/2021;30,12
06/05/2021;29,13
05/05/2021;29,1
04/05/2021;29,43
03/05/2021;29,8
30/04/2021;29,62
29/04/2021;29,78
28/04/2021;30,2
27/04/2021;29,87
26/04/2021;30,2
23/04/2021;30,1
22/04/2021;29,87
20/04/2021;30,16
19/04/2021;29,75
16/04/2021;29,68
15/04/2021;29,68
14/04/2021;29,64
13/04/2021;29,42
12/04/2021;29,4
09/04/2021;29,36
08/04/2021;29,16
07/04/2021;29,51
06/04/2021;29,63
05/04/2021;29,95
01/04/2021;30,1
31/03/2021;30,47
30/03/2021;30,35
29/03/2021;29,73
26/03/2021;29,62
25/03/2021;29,53
24/03/2021;29,68
23/03/2021;30,2
22/03/2021;30,61
19/03/2021;30,5
18/03/2021;30,87
17/03/2021;30,46
16/03/2021;29,63
15/03/2021;29,9
12/03/2021;29,89
11/03/2021;30,02
10/03/2021;29,24
09/03/2021;29,33
08/03/2021;29,78
05/03/2021;30,53
04/03/2021;29,99
03/03/2021;28,72
03/03/2021;28,72
02/03/2021;28,4
01/03/2021;28,28
26/02/2021;28,46
25/02/2021;30,23
24/02/2021;30,39
23/02/2021;30,23
22/02/2021;29,05
19/02/2021;32,81
18/02/2021;33,29
17/02/2021;33,55
12/02/2021;33,8
11/02/2021;34,03
10/02/2021;33,97
09/02/2021;34,1
08/02/2021;33,93
05/02/2021;34,02
04/02/2021;34,31
03/02/2021;34,44
02/02/2021;34,3
01/02/2021;34,19
29/01/2021;34,04
28/01/2021;34,48
27/01/2021;33,31
26/01/2021;33,23
22/01/2021;33,51
21/01/2021;34,12
20/01/2021;34,73
19/01/2021;35,4
18/01/2021;36,32
15/01/2021;36,76
14/01/2021;37,52
13/01/2021;38,12
12/01/2021;39,36
11/01/2021;39,26
08/01/2021;39,78
07/01/2021;39,12
06/01/2021;38,14
05/01/2021;37,05
04/01/2021;38
30/12/2020;38,92
29/12/2020;39,18
28/12/2020;39,34
23/12/2020;38,83
22/12/2020;38,34
21/12/2020;38,11
18/12/2020;39,2
17/12/2020;39,32
16/12/2020;38,99
15/12/2020;39,16
14/12/2020;38,84
11/12/2020;38,31
10/12/2020;37,21
09/12/2020;36,28
08/12/2020;36,94
07/12/2020;36,71
04/12/2020;35,66
03/12/2020;35,47
02/12/2020;34,85
01/12/2020;34,9
30/11/2020;34,03
27/11/2020;34,86
26/11/2020;34,7
25/11/2020;35,05
24/11/2020;35,61
23/11/2020;34,67
20/11/2020;34,37
19/11/2020;34,73
18/11/2020;34,27
17/11/2020;34
16/11/2020;33,94
13/11/2020;32,85
12/11/2020;33,05
11/11/2020;34,15
10/11/2020;34,09
09/11/2020;32,61
06/11/2020;30,39
05/11/2020;30,74
04/11/2020;30,4
03/11/2020;30,13
30/10/2020;30,06
29/10/2020;30,74
28/10/2020;31,51
27/10/2020;33,11
26/10/2020;33,4
23/10/2020;33,77
22/10/2020;33,17
21/10/2020;32,22
20/10/2020;31,73
19/10/2020;30,8
16/10/2020;30,52
15/10/2020;30,93
14/10/2020;31,08
13/10/2020;31,03
09/10/2020;31,1
08/10/2020;30,8
07/10/2020;29,98
06/10/2020;30,36
05/10/2020;29,95
02/10/2020;30,06
01/10/2020;29,53
30/09/2020;29,71
29/09/2020;29,97
28/09/2020;30,98
25/09/2020;30,17
24/09/2020;30,52
23/09/2020;30,45
22/09/2020;30,99
21/09/2020;30,81
18/09/2020;31,52
17/09/2020;32,04
16/09/2020;32,29
15/09/2020;32,06
14/09/2020;32,19
11/09/2020;32,01
10/09/2020;32,82
09/09/2020;33,25
08/09/2020;33,33
04/09/2020;33,92
03/09/2020;34,12
02/09/2020;33,03
01/09/2020;33,27
31/08/2020;32,87
31/08/2020;32,87
28/08/2020;33,32
27/08/2020;32,96
26/08/2020;32,55
25/08/2020;33,34
24/08/2020;33,48
21/08/2020;32,71
20/08/2020;32,25
19/08/2020;32,69
18/08/2020;32,66
17/08/2020;32,49
14/08/2020;33,2
13/08/2020;33,59
12/08/2020;33,59
11/08/2020;34,4
10/08/2020;34,2
07/08/2020;34,05
06/08/2020;33,99
05/08/2020;33,45
04/08/2020;33,54
03/08/2020;34,47
31/07/2020;33,93
30/07/2020;34,83
29/07/2020;35,67
28/07/2020;35,38
27/07/2020;34,48
24/07/2020;34,11
23/07/2020;34,57
22/07/2020;35,11
21/07/2020;35,75
20/07/2020;35,3
17/07/2020;35,1
16/07/2020;34,35
15/07/2020;34,68
14/07/2020;34,06
13/07/2020;34,34
10/07/2020;33,96
09/07/2020;34,02
08/07/2020;33,89
07/07/2020;33,7
06/07/2020;34,53
03/07/2020;33,2
02/07/2020;33,54
01/07/2020;32,95
30/06/2020;32,48
29/06/2020;32,83
26/06/2020;32,13
25/06/2020;32,55
24/06/2020;32,47
23/06/2020;33,57
22/06/2020;33,64
19/06/2020;34,33
18/06/2020;34,52
17/06/2020;34,18
16/06/2020;33,59
15/06/2020;32,28
12/06/2020;33,26
10/06/2020;34,84
09/06/2020;36,2
08/06/2020;36,16
05/06/2020;36,16
04/06/2020;34,62
03/06/2020;34,62
02/06/2020;32,6
01/06/2020;31,61
29/05/2020;30,33
28/05/2020;30,84
27/05/2020;30,85
26/05/2020;31,24
25/05/2020;30,81
22/05/2020;28,5
21/05/2020;28,65
20/05/2020;27,25
19/05/2020;27,14
18/05/2020;27,26
15/05/2020;26,39
14/05/2020;25,64
13/05/2020;25,75
12/05/2020;26,9
11/05/2020;27,49
08/05/2020;27,2
07/05/2020;26,66
06/05/2020;27,16
05/05/2020;28,06
04/05/2020;27,39
30/04/2020;28,33
29/04/2020;29,48
28/04/2020;28,32
27/04/2020;25,67
24/04/2020;25,05
23/04/2020;28,69
22/04/2020;28,93
20/04/2020;28,9
17/04/2020;29,55
16/04/2020;29,27
15/04/2020;29,66
14/04/2020;30,98
13/04/2020;29,4
09/04/2020;30,18
08/04/2020;29,72
07/04/2020;29,98
06/04/2020;27,73
03/04/2020;25,5
02/04/2020;27,14
01/04/2020;26,64
31/03/2020;28,47
30/03/2020;28,88
27/03/2020;28,64
26/03/2020;30,43
25/03/2020;28,31
24/03/2020;25,45
23/03/2020;22,51
20/03/2020;26,26
19/03/2020;25,52
18/03/2020;27,16
17/03/2020;31,76
16/03/2020;30,72
13/03/2020;34,78
12/03/2020;29,38
11/03/2020;36,58
10/03/2020;38,97
09/03/2020;37,96
06/03/2020;42,03
05/03/2020;43,76
05/03/2020;43,76
04/03/2020;45,65
03/03/2020;46,1
02/03/2020;46,95
28/02/2020;45,99
27/02/2020;46,32
26/02/2020;45,9
21/02/2020;48,85
20/02/2020;49,14
19/02/2020;49,88
18/02/2020;49,31
17/02/2020;49,53
14/02/2020;50,21
13/02/2020;51
12/02/2020;51,46
11/02/2020;51,21
10/02/2020;49,29
07/02/2020;49,82
06/02/2020;49,81
05/02/2020;50,51
04/02/2020;48,8
03/02/2020;48,78
31/01/2020;48,68
30/01/2020;48,91
29/01/2020;49,85
28/01/2020;50,67
27/01/2020;50,43
24/01/2020;51,08
23/01/2020;50,3
22/01/2020;48,64
21/01/2020;48,63
20/01/2020;49,75
17/01/2020;50,06
16/01/2020;49,44
15/01/2020;49,27
14/01/2020;50
13/01/2020;50,15
10/01/2020;50,44
09/01/2020;51,3
08/01/2020;52,44
07/01/2020;52,5
06/01/2020;52,96
03/01/2020;53,56
02/01/2020;53,64
30/12/2019;53
27/12/2019;52,84
26/12/2019;52,96
23/12/2019;51,96
20/12/2019;50,83
19/12/2019;50,78
18/12/2019;49,89
17/12/2019;48,49
16/12/2019;48,53
13/12/2019;49,04
12/12/2019;48,38
11/12/2019;47,83
10/12/2019;48,05
09/12/2019;48,64
06/12/2019;48,53
05/12/2019;48,73
04/12/2019;48,83
03/12/2019;48,33
02/12/2019;47,88
29/11/2019;47,75
28/11/2019;47,36
27/11/2019;46,38
26/11/2019;45,93
25/11/2019;46,52
22/11/2019;46,63
21/11/2019;46,19
19/11/2019;45,93
18/11/2019;46,51
14/11/2019;46,46
13/11/2019;46,17
12/11/2019;46,79
11/11/2019;47,09
08/11/2019;47,21
07/11/2019;47,82
06/11/2019;47,7
05/11/2019;48
04/11/2019;47,84
01/11/2019;47,93
31/10/2019;48,22
30/10/2019;48,58
29/10/2019;48,8
28/10/2019;48,38
25/10/2019;47,6
24/10/2019;47,48
23/10/2019;47,59
22/10/2019;47,16
21/10/2019;46,27
18/10/2019;46,07
17/10/2019;45,11
16/10/2019;44,57
15/10/2019;44,55
14/10/2019;45,19
11/10/2019;45,23
10/10/2019;44,47
09/10/2019;43,74
08/10/2019;43,47
07/10/2019;44,38
04/10/2019;45,22
03/10/2019;44,58
02/10/2019;43,6
01/10/2019;45,09
30/09/2019;45,69
27/09/2019;45,69
26/09/2019;45,77
25/09/2019;45,34
24/09/2019;46,14
23/09/2019;47,17
20/09/2019;47,44
19/09/2019;47,69
18/09/2019;47,87
17/09/2019;47,1
16/09/2019;46,92
13/09/2019;47,6
12/09/2019;47,88
11/09/2019;48,54
10/09/2019;49,29
09/09/2019;50,01
06/09/2019;48,91
05/09/2019;47,28
04/09/2019;45,48
03/09/2019;45,14
02/09/2019;45,97
30/08/2019;46,08
30/08/2019;46,08
29/08/2019;44,64
28/08/2019;43,92
27/08/2019;44,41
26/08/2019;44,56
23/08/2019;45,31
22/08/2019;46,87
21/08/2019;46,66
20/08/2019;44,72
19/08/2019;45,55
16/08/2019;45,75
15/08/2019;45,88
14/08/2019;46,24
13/08/2019;47,74
12/08/2019;47,22
09/08/2019;48,69
08/08/2019;48,91
07/08/2019;48,12
06/08/2019;48,59
05/08/2019;47,88
02/08/2019;48,53
01/08/2019;49,47
31/07/2019;49,63
30/07/2019;49,99
29/07/2019;50,3
26/07/2019;50,18
25/07/2019;50,66
24/07/2019;52,26
23/07/2019;51,58
22/07/2019;52,29
19/07/2019;52,36
18/07/2019;52,53
17/07/2019;51,73
16/07/2019;51,78
15/07/2019;51,66
12/07/2019;52,35
11/07/2019;53,26
10/07/2019;55
08/07/2019;55,08
05/07/2019;54,94
04/07/2019;54,98
03/07/2019;53,6
02/07/2019;53,46
01/07/2019;53,99
28/06/2019;53,83
27/06/2019;53,57
26/06/2019;53,42
25/06/2019;52,94
24/06/2019;53,33
21/06/2019;53,15
19/06/2019;51,87
18/06/2019;51,59
17/06/2019;50,63
14/06/2019;50,53
13/06/2019;51,88
12/06/2019;52,38
11/06/2019;52,46
10/06/2019;51,53
07/06/2019;52,76
06/06/2019;52,27
05/06/2019;51,82
04/06/2019;52,5
03/06/2019;52,1
31/05/2019;51,91
30/05/2019;51,75
29/05/2019;51,24
28/05/2019;51,27
27/05/2019;50,56
24/05/2019;49,59
23/05/2019;48,84
22/05/2019;49,03
21/05/2019;48,58
20/05/2019;46,3
17/05/2019;45,42
16/05/2019;46,12
15/05/2019;47,17
14/05/2019;48,06
13/05/2019;48,76
10/05/2019;50,42
09/05/2019;50,75
08/05/2019;50,59
07/05/2019;49,09
06/05/2019;49,4
03/05/2019;50,06
02/05/2019;49,68
30/04/2019;49,52
29/04/2019;49,4
26/04/2019;49,24
25/04/2019;48,78
24/04/2019;48,41
23/04/2019;49,1
22/04/2019;48,35
18/04/2019;48,52
17/04/2019;47,55
16/04/2019;47,59
15/04/2019;47,1
12/04/2019;47,14
11/04/2019;48,36
10/04/2019;48,73
09/04/2019;48,41
08/04/2019;49
05/04/2019;49,21
04/04/2019;48,76
03/04/2019;49,08
02/04/2019;49,13
01/04/2019;49,35
29/03/2019;48,77
28/03/2019;47,8
27/03/2019;47,19
26/03/2019;48,67
25/03/2019;48,12
22/03/2019;48,41
21/03/2019;50,29
20/03/2019;51,94
19/03/2019;53,18
18/03/2019;53,96
15/03/2019;54,03
14/03/2019;53,4
13/03/2019;53,57
12/03/2019;53,11
11/03/2019;53,08
08/03/2019;51,18
07/03/2019;50,52
07/03/2019;50,52
06/03/2019;51,02
01/03/2019;51,13
28/02/2019;50,82
27/02/2019;52,07
26/02/2019;52,42
25/02/2019;52,66
22/02/2019;52,99
21/02/2019;53,27
20/02/2019;54,23
19/02/2019;55,25
18/02/2019;54,34
15/02/2019;54,81
14/02/2019;53,26
13/02/2019;52,26
12/02/2019;52,46
11/02/2019;50,72
08/02/2019;51,77
07/02/2019;51,49
06/02/2019;52,45
05/02/2019;53,72
04/02/2019;52,61
01/02/2019;51,69
31/01/2019;51,91
30/01/2019;49,99
29/01/2019;49,22
28/01/2019;48,61
24/01/2019;49,13
23/01/2019;48,93
22/01/2019;48,47
21/01/2019;48,11
18/01/2019;48,98
17/01/2019;48,88
16/01/2019;49,02
15/01/2019;49,5
14/01/2019;49,18
11/01/2019;48,66
10/01/2019;48,26
09/01/2019;47,84
08/01/2019;47,73
07/01/2019;48,84
04/01/2019;48,73
03/01/2019;48,59
02/01/2019;48,53
28/12/2018;45,68
27/12/2018;44,61
26/12/2018;43,84
21/12/2018;44,11
20/12/2018;44,09
19/12/2018;44,15
18/12/2018;44,01
17/12/2018;43,96
14/12/2018;44,14
13/12/2018;43,65
12/12/2018;43,21
11/12/2018;42,99
10/12/2018;43,19
07/12/2018;44,38
06/12/2018;43,72
05/12/2018;43,81
04/12/2018;43,95
03/12/2018;44,63
30/11/2018;44,83
29/11/2018;45,43
28/11/2018;45,26
27/11/2018;44,81
26/11/2018;44,64
23/11/2018;45,18
22/11/2018;44,33
21/11/2018;43,87
19/11/2018;43,62
16/11/2018;42,65
14/11/2018;41,53
13/11/2018;42,14
12/11/2018;41,94
09/11/2018;40,98
08/11/2018;41,29
07/11/2018;41,79
06/11/2018;42,81
05/11/2018;43,13
01/11/2018;43,14
31/10/2018;42,49
30/10/2018;42,77
29/10/2018;43,23
26/10/2018;40,81
25/10/2018;39,95
24/10/2018;39,73
23/10/2018;39,62
22/10/2018;39,97
19/10/2018;39,53
18/10/2018;39,57
17/10/2018;39,46
16/10/2018;38,98
15/10/2018;37,81
11/10/2018;37,66
10/10/2018;37,5
09/10/2018;39,13
08/10/2018;39,38
05/10/2018;35,51
04/10/2018;34,46
03/10/2018;34,32
02/10/2018;30,43
01/10/2018;28,58
28/09/2018;29,63
27/09/2018;30,12
26/09/2018;29,6
25/09/2018;29,25
24/09/2018;29,95
21/09/2018;30,14
20/09/2018;29,48
19/09/2018;29,64
18/09/2018;29,22
17/09/2018;28,01
14/09/2018;27,29
13/09/2018;27,46
12/09/2018;27,89
11/09/2018;27,84
10/09/2018;29,17
06/09/2018;28,88
05/09/2018;28,77
04/09/2018;28,89
03/09/2018;29,63
31/08/2018;30,24
31/08/2018;30,24
30/08/2018;30,25
29/08/2018;31,05
28/08/2018;30,48
27/08/2018;30,23
24/08/2018;29,55
23/08/2018;29,84
22/08/2018;29,61
21/08/2018;29,73
20/08/2018;30,6
17/08/2018;31,57
16/08/2018;32,55
15/08/2018;32,37
14/08/2018;32,62
13/08/2018;31,79
10/08/2018;32
09/08/2018;33,42
08/08/2018;33,23
07/08/2018;33,98
06/08/2018;34,23
03/08/2018;34,06
02/08/2018;33,26
01/08/2018;32,92
31/07/2018;32,44
30/07/2018;32,97
27/07/2018;32,86
26/07/2018;32,94
25/07/2018;33,49
24/07/2018;33,08
23/07/2018;32,86
20/07/2018;32,89
19/07/2018;30,74
18/07/2018;31,62
17/07/2018;31,52
16/07/2018;30,95
13/07/2018;30,73
12/07/2018;30,36
11/07/2018;29,62
10/07/2018;29,61
06/07/2018;29,47
05/07/2018;30,12
04/07/2018;30,06
03/07/2018;29,78
02/07/2018;28,81
29/06/2018;28,56
28/06/2018;27,55
27/06/2018;27,42
26/06/2018;27,1
25/06/2018;26,37
22/06/2018;26,21
21/06/2018;26,33
20/06/2018;26,61
19/06/2018;25,97
18/06/2018;24,83
15/06/2018;24,86
14/06/2018;25,87
13/06/2018;26,54
12/06/2018;26,73
11/06/2018;26,57
08/06/2018;26,69
07/06/2018;26,25
06/06/2018;28,22
05/06/2018;29,91
04/06/2018;31,1
01/06/2018;29,99
30/05/2018;29,74
29/05/2018;28,39
28/05/2018;28,4
25/05/2018;30,58
24/05/2018;30,7
23/05/2018;31,8
22/05/2018;32,41
21/05/2018;32,34
18/05/2018;32,29
17/05/2018;33,25
16/05/2018;34,48
15/05/2018;33,93
14/05/2018;35,2
11/05/2018;36,02
10/05/2018;36,15
09/05/2018;36,62
08/05/2018;35,58
07/05/2018;35,22
04/05/2018;34,95
03/05/2018;35,34
02/05/2018;36,11
30/04/2018;36,9
27/04/2018;37,5
26/04/2018;37,29
25/04/2018;36,47
24/04/2018;36,72
23/04/2018;36,86
20/04/2018;37,64
19/04/2018;37,82
18/04/2018;38,13
17/04/2018;36,88
16/04/2018;36,88
13/04/2018;38,05
12/04/2018;39,16
11/04/2018;39,14
10/04/2018;38,69
09/04/2018;39,47
06/04/2018;40,51
05/04/2018;41,31
04/04/2018;39,29
03/04/2018;40,11
02/04/2018;40,56
29/03/2018;41,04
28/03/2018;40,13
27/03/2018;40,88
26/03/2018;41,49
23/03/2018;41,37
22/03/2018;41,9
21/03/2018;41,7
20/03/2018;41,43
19/03/2018;41,75
16/03/2018;42,46
15/03/2018;42,12
14/03/2018;42,36
13/03/2018;43
12/03/2018;43,3
12/03/2018;43,3
09/03/2018;43,68
08/03/2018;43,59
07/03/2018;43,08
06/03/2018;43,6
05/03/2018;42,48
02/03/2018;41,84
01/03/2018;42
28/02/2018;42,02
27/02/2018;42,77
26/02/2018;42,9
23/02/2018;42,33
22/02/2018;42,69
21/02/2018;41,09
20/02/2018;40,17
19/02/2018;39,89
16/02/2018;40,04
15/02/2018;39,9
14/02/2018;38,88
09/02/2018;37,96
08/02/2018;39,3
07/02/2018;40,05
06/02/2018;38,84
05/02/2018;38,78
02/02/2018;39,28
01/02/2018;39,84
31/01/2018;39,89
30/01/2018;38,71
29/01/2018;38,95
26/01/2018;38,93
24/01/2018;37,01
23/01/2018;35,09
22/01/2018;34,85
19/01/2018;35,21
18/01/2018;35,19
17/01/2018;34,99
16/01/2018;34,55
15/01/2018;34,31
12/01/2018;33,91
11/01/2018;33,8
10/01/2018;33,38
09/01/2018;33,56
08/01/2018;33,63
05/01/2018;33,61
04/01/2018;33,8
03/01/2018;33,18
02/01/2018;32,72
28/12/2017;32,06
27/12/2017;31,99
26/12/2017;31,66
22/12/2017;31,31
21/12/2017;31,23
20/12/2017;30,99
19/12/2017;30,86
18/12/2017;31,01
15/12/2017;30,65
14/12/2017;30,39
13/12/2017;31,34
12/12/2017;30,6
11/12/2017;31,14
08/12/2017;31,35
07/12/2017;30,92
06/12/2017;31,21
05/12/2017;31,7
04/12/2017;31,63
01/12/2017;30,48
30/11/2017;30,36
29/11/2017;31,82
28/11/2017;32,71
27/11/2017;32,07
24/11/2017;32,55
23/11/2017;32,48
22/11/2017;32,83
21/11/2017;33,15
17/11/2017;32,43
16/11/2017;31,66
14/11/2017;31,19
13/11/2017;31,08
10/11/2017;31,42
09/11/2017;32,64
08/11/2017;32,32
07/11/2017;31,91
06/11/2017;33,11
03/11/2017;33,64
01/11/2017;34,37
31/10/2017;34,73
30/10/2017;35,57
27/10/2017;36,73
26/10/2017;37,32
25/10/2017;36,99
24/10/2017;36,38
23/10/2017;36,72
20/10/2017;37,38
19/10/2017;37,02
18/10/2017;37,41
17/10/2017;37,34
16/10/2017;37,31
13/10/2017;37,34
11/10/2017;37,19
10/10/2017;37,14
09/10/2017;36,28
06/10/2017;36,73
05/10/2017;37,12
04/10/2017;36,11
03/10/2017;35,92
02/10/2017;34,87
29/09/2017;34,99
28/09/2017;34,55
27/09/2017;34,68
26/09/2017;35,14
25/09/2017;35,04
22/09/2017;35,22
21/09/2017;35,61
20/09/2017;34,67
19/09/2017;34,4
18/09/2017;34,36
15/09/2017;34,05
14/09/2017;33,56
13/09/2017;33,55
12/09/2017;33,69
11/09/2017;33,58
08/09/2017;32,66
06/09/2017;32,7
05/09/2017;32,4
04/09/2017;31,86
01/09/2017;31,63
31/08/2017;30,76
31/08/2017;30,76
30/08/2017;31,29
29/08/2017;31,4
28/08/2017;31,78
25/08/2017;32,11
24/08/2017;32,09
23/08/2017;32,06
22/08/2017;31,87
21/08/2017;30,88
18/08/2017;30,24
17/08/2017;30,24
16/08/2017;30,73
15/08/2017;31,23
14/08/2017;31,27
11/08/2017;30,88
10/08/2017;30,85
09/08/2017;30,72
08/08/2017;31,61
07/08/2017;31,16
04/08/2017;30,73
03/08/2017;30,75
02/08/2017;30,05
01/08/2017;29,27
31/07/2017;28,73
28/07/2017;28,52
27/07/2017;28,72
26/07/2017;29,11
25/07/2017;29,49
24/07/2017;29,14
21/07/2017;29,52
20/07/2017;29,74
19/07/2017;29,33
18/07/2017;29,16
17/07/2017;29,23
14/07/2017;29,36
13/07/2017;29,01
12/07/2017;28,43
11/07/2017;27,7
10/07/2017;26,81
07/07/2017;26,83
06/07/2017;27
05/07/2017;27,13
04/07/2017;27,22
03/07/2017;27,07
30/06/2017;26,78
29/06/2017;26,54
28/06/2017;26,23
27/06/2017;26,36
26/06/2017;26,5
23/06/2017;25,75
22/06/2017;26,02
21/06/2017;25,98
20/06/2017;26,26
19/06/2017;27,33
16/06/2017;27,5
14/06/2017;27,61
13/06/2017;27,31
12/06/2017;27,2
09/06/2017;27,87
08/06/2017;28,13
07/06/2017;28,78
06/06/2017;28,11
05/06/2017;27,75
02/06/2017;28,1
01/06/2017;28,32
31/05/2017;28,68
30/05/2017;28,89
29/05/2017;28,49
26/05/2017;28,58
25/05/2017;27,58
24/05/2017;28,04
23/05/2017;26,98
22/05/2017;26,74
19/05/2017;28,37
18/05/2017;28,16
17/05/2017;33,87
16/05/2017;34,67
15/05/2017;34,82
12/05/2017;35,04
11/05/2017;34,36
10/05/2017;33,12
09/05/2017;32,62
08/05/2017;32,54
05/05/2017;33,01
04/05/2017;32,83
03/05/2017;33,65
02/05/2017;33,74
28/04/2017;32,76
27/04/2017;32,56
26/04/2017;32,52
25/04/2017;32,24
24/04/2017;32,07
20/04/2017;31,45
19/04/2017;31,65
18/04/2017;32,22
17/04/2017;31,76
13/04/2017;31,08
12/04/2017;32,42
11/04/2017;32,83
10/04/2017;32,68
07/04/2017;32,57
06/04/2017;32,94
05/04/2017;33,76
04/04/2017;34
03/04/2017;33,92
31/03/2017;33,94
30/03/2017;34,26
29/03/2017;34,03
28/03/2017;33,06
27/03/2017;33,05
24/03/2017;33,14
23/03/2017;33,04
22/03/2017;32,84
21/03/2017;32,34
20/03/2017;32,85
17/03/2017;33,02
16/03/2017;33,71
15/03/2017;33,83
14/03/2017;34,28
13/03/2017;34,06
10/03/2017;33,95
10/03/2017;33,95
09/03/2017;33,71
08/03/2017;34,08
07/03/2017;34,76
06/03/2017;34,94
03/03/2017;34,37
02/03/2017;33,39
01/03/2017;33,43
24/02/2017;33,06
23/02/2017;33,94
22/02/2017;34,06
21/02/2017;33,87
20/02/2017;33,16
17/02/2017;32,81
16/02/2017;32,46
15/02/2017;31,9
14/02/2017;31,24
13/02/2017;31,35
10/02/2017;31,03
09/02/2017;30,61
08/02/2017;30,53
07/02/2017;30,37
06/02/2017;30,45
03/02/2017;31,19
02/02/2017;31,04
01/02/2017;31,46
31/01/2017;30,82
30/01/2017;30,55
27/01/2017;31,63
26/01/2017;31,48
24/01/2017;30,25
23/01/2017;30,19
20/01/2017;29,24
19/01/2017;28,77
18/01/2017;28,86
17/01/2017;28,76
16/01/2017;28,57
13/01/2017;28,74
12/01/2017;29,22
11/01/2017;28,23
10/01/2017;28,2
09/01/2017;27,92
06/01/2017;28,8
05/01/2017;28,67
04/01/2017;28,79
03/01/2017;28,52
02/01/2017;27,68
29/12/2016;27,89
28/12/2016;27,69
27/12/2016;27,38
26/12/2016;27,14
23/12/2016;26,67
22/12/2016;25,97
21/12/2016;26,33
20/12/2016;26,21
19/12/2016;26,17
16/12/2016;26,66
15/12/2016;25,7
14/12/2016;25,76
13/12/2016;26,01
12/12/2016;26
09/12/2016;27,01
08/12/2016;26,95
07/12/2016;26,97
06/12/2016;26,78
05/12/2016;26,77
02/12/2016;26,83
01/12/2016;27,2
30/11/2016;28,57
29/11/2016;28,42
28/11/2016;28,39
25/11/2016;27,5
24/11/2016;28,07
23/11/2016;28,46
22/11/2016;28,74
21/11/2016;27,84
18/11/2016;26,02
17/11/2016;26,19
16/11/2016;25,52
14/11/2016;24,02
11/11/2016;24,15
10/11/2016;26,3
09/11/2016;27,43
08/11/2016;28,17
07/11/2016;28,06
04/11/2016;26,81
03/11/2016;27,25
01/11/2016;28,46
31/10/2016;29,05
28/10/2016;28,45
27/10/2016;28,29
26/10/2016;27,38
25/10/2016;27,65
24/10/2016;28,73
21/10/2016;28,4
20/10/2016;27,91
19/10/2016;27,86
18/10/2016;27,8
17/10/2016;26,75
14/10/2016;25,88
13/10/2016;25,16
11/10/2016;25,04
10/10/2016;25,49
07/10/2016;25,25
06/10/2016;24,43
05/10/2016;23,87
04/10/2016;23,32
03/10/2016;23,25
30/09/2016;22,86
29/09/2016;23,03
28/09/2016;23,07
27/09/2016;22,67
26/09/2016;22,7
23/09/2016;23,04
22/09/2016;23,5
21/09/2016;23,04
20/09/2016;22,48
19/09/2016;22,26
16/09/2016;21,99
15/09/2016;22,23
14/09/2016;22
13/09/2016;22,11
12/09/2016;22,7
09/09/2016;23,23
08/09/2016;24,15
06/09/2016;23,75
05/09/2016;23,6
02/09/2016;23,5
01/09/2016;23,01
31/08/2016;23,45
31/08/2016;23,45
30/08/2016;23,81
29/08/2016;23,59
26/08/2016;22,79
25/08/2016;22,5
24/08/2016;22,4
23/08/2016;22,55
22/08/2016;22,53
19/08/2016;23,01
18/08/2016;22,71
17/08/2016;22,48
16/08/2016;22,76
15/08/2016;23,01
12/08/2016;22,59
11/08/2016;21,69
10/08/2016;21,02
09/08/2016;21,4
08/08/2016;21,2
05/08/2016;21,21
04/08/2016;20,94
03/08/2016;20,43
02/08/2016;20,41
01/08/2016;21,01
29/07/2016;20,9
28/07/2016;20,74
27/07/2016;21,66
26/07/2016;21,56
25/07/2016;21,12
22/07/2016;20,84
21/07/2016;20,9
20/07/2016;21,24
19/07/2016;20,48
18/07/2016;19,69
15/07/2016;19,28
14/07/2016;18,79
13/07/2016;17,87
12/07/2016;18,14
11/07/2016;17,84
08/07/2016;17,15
07/07/2016;16,97
06/07/2016;16,78
05/07/2016;16,96
04/07/2016;17,1
01/07/2016;17,07
30/06/2016;16,91
29/06/2016;16,42
28/06/2016;15,96
27/06/2016;15,65
24/06/2016;15,73
23/06/2016;16,17
22/06/2016;15,94
21/06/2016;15,88
20/06/2016;16,62
17/06/2016;16,22
16/06/2016;15,98
15/06/2016;16,11
14/06/2016;16,27
13/06/2016;16,62
10/06/2016;16,77
09/06/2016;17,37
08/06/2016;17,41
07/06/2016;17,09
06/06/2016;17,22
03/06/2016;17,16
02/06/2016;16,64
01/06/2016;16,41
31/05/2016;16,47
30/05/2016;16,42
27/05/2016;16,22
25/05/2016;16,5
24/05/2016;16,45
23/05/2016;17,01
20/05/2016;17,62
19/05/2016;17,86
18/05/2016;18,36
17/05/2016;18,38
16/05/2016;19,19
13/05/2016;19,44
12/05/2016;19,97
11/05/2016;21,05
10/05/2016;21,07
09/05/2016;20,13
06/05/2016;20,55
05/05/2016;20,71
04/05/2016;20,71
03/05/2016;20,71
02/05/2016;21,71
29/04/2016;21,99
28/04/2016;21,85
27/04/2016;22,33
26/04/2016;21,52
25/04/2016;20,83
22/04/2016;21,24
20/04/2016;21,73
19/04/2016;22,23
18/04/2016;22,42
15/04/2016;22,51
14/04/2016;22,26
13/04/2016;22,83
12/04/2016;21,81
11/04/2016;21,47
08/04/2016;20,4
07/04/2016;18,59
06/04/2016;18,13
05/04/2016;18,57
04/04/2016;19,02
01/04/2016;19,75
31/03/2016;19,76
30/03/2016;20,76
29/03/2016;20,37
28/03/2016;20,03
24/03/2016;18,98
23/03/2016;19,7
22/03/2016;20,51
21/03/2016;20,5
18/03/2016;20,35
17/03/2016;20,64
16/03/2016;17,65
15/03/2016;18,89
14/03/2016;22,98
11/03/2016;22,6
11/03/2016;22,6
10/03/2016;20,87
09/03/2016;20,5
08/03/2016;19,48
07/03/2016;18,03
04/03/2016;18,64
03/03/2016;16,1
02/03/2016;14,6
01/03/2016;13,98
29/02/2016;13,55
26/02/2016;13,17
25/02/2016;13
24/02/2016;13,05
23/02/2016;13,59
22/02/2016;13,52
19/02/2016;13
18/02/2016;13,07
17/02/2016;13,55
16/02/2016;13,38
15/02/2016;13,19
12/02/2016;13,07
11/02/2016;13,12
10/02/2016;13,61
05/02/2016;13,87
04/02/2016;13,77
03/02/2016;13,36
02/02/2016;13,46
01/02/2016;13,86
29/01/2016;13,58
28/01/2016;12,86
27/01/2016;12,75
26/01/2016;12,87
22/01/2016;13
21/01/2016;12,79
20/01/2016;12,64
19/01/2016;13
18/01/2016;13,04
15/01/2016;13,09
14/01/2016;13,06
13/01/2016;12,99
12/01/2016;13,4
11/01/2016;13,69
08/01/2016;14,02
07/01/2016;14,08
06/01/2016;14,3
05/01/2016;14,38
04/01/2016;14,4
30/12/2015;14,75
29/12/2015;14,94
28/12/2015;14,97
23/12/2015;14,93
22/12/2015;15,1
21/12/2015;15,31
18/12/2015;15,9
17/12/2015;16,89
16/12/2015;16,41
15/12/2015;16,96
14/12/2015;16,88
11/12/2015;17,79
10/12/2015;18,16
09/12/2015;18,35
08/12/2015;17,14
07/12/2015;17,47
04/12/2015;17,34
03/12/2015;17,65
02/12/2015;16,39
01/12/2015;16,38
30/11/2015;16,61
27/11/2015;17,33
26/11/2015;17,83
25/11/2015;17,77
24/11/2015;18,4
23/11/2015;18,79
19/11/2015;18,46
18/11/2015;17,88
17/11/2015;17,61
16/11/2015;17,21
13/11/2015;17,03
12/11/2015;17,01
11/11/2015;17,52
10/11/2015;16,97
09/11/2015;17,14
06/11/2015;17,56
05/11/2015;17,95
04/11/2015;17,63
03/11/2015;16,85
30/10/2015;15,73
29/10/2015;15,9
28/10/2015;16,47
27/10/2015;16,42
26/10/2015;16,69
23/10/2015;17,11
22/10/2015;16,89
21/10/2015;16,63
20/10/2015;16,56
19/10/2015;16,79
16/10/2015;16,4
15/10/2015;16,59
14/10/2015;17,02
13/10/2015;17,25
09/10/2015;18,11
08/10/2015;17,75
07/10/2015;17,52
06/10/2015;16,32
05/10/2015;16,19
02/10/2015;15,54
01/10/2015;15
30/09/2015;14,99
29/09/2015;14,49
28/09/2015;14,66
25/09/2015;15,57
24/09/2015;15,47
23/09/2015;15,94
22/09/2015;16,05
21/09/2015;16,59
18/09/2015;17,1
17/09/2015;18
16/09/2015;18,11
15/09/2015;17,47
14/09/2015;16,79
11/09/2015;16,56
10/09/2015;16,45
09/09/2015;17,41
08/09/2015;17,17
04/09/2015;17,24
03/09/2015;17,49
02/09/2015;17,45
01/09/2015;17,46
01/09/2015;17,46
01/09/2015;17,46
01/09/2015;17,46
31/08/2015;17,82
28/08/2015;18,97
27/08/2015;19,28
26/08/2015;18,13
25/08/2015;18,12
24/08/2015;17,89
21/08/2015;18,49
20/08/2015;18,37
19/08/2015;18,64
18/08/2015;19,61
17/08/2015;19,23
14/08/2015;19,52
13/08/2015;19,63
12/08/2015;20,62
11/08/2015;20,85
10/08/2015;20,94
07/08/2015;20,7
06/08/2015;21,26
05/08/2015;21,65
04/08/2015;21,63
03/08/2015;22,27
31/07/2015;21,94
30/07/2015;21,6
29/07/2015;21,51
28/07/2015;20,95
27/07/2015;21,07
24/07/2015;20,12
23/07/2015;20,75
22/07/2015;21,16
21/07/2015;21,94
20/07/2015;22,24
17/07/2015;22,68
16/07/2015;23,2
15/07/2015;23,95
14/07/2015;23,91
13/07/2015;23,95
10/07/2015;23,74
08/07/2015;23,3
07/07/2015;23,39
06/07/2015;23,73
03/07/2015;23,67
02/07/2015;24,07
01/07/2015;24,13
30/06/2015;24,02
29/06/2015;23,88
26/06/2015;24,24
25/06/2015;23,59
24/06/2015;23,69
23/06/2015;23,68
22/06/2015;23,54
19/06/2015;23,04
18/06/2015;23,1
17/06/2015;22,66
16/06/2015;23,17
15/06/2015;22,31
12/06/2015;22,62
11/06/2015;22,94
10/06/2015;23,27
09/06/2015;22,53
08/06/2015;22,4
05/06/2015;22,32
03/06/2015;22,92
02/06/2015;23,39
01/06/2015;22,81
29/05/2015;23
28/05/2015;23,44
27/05/2015;23,73
26/05/2015;23,53
25/05/2015;23,99
22/05/2015;23,66
21/05/2015;24,55
20/05/2015;25,19
19/05/2015;25,27
18/05/2015;26,01
15/05/2015;26,24
14/05/2015;26,08
13/05/2015;27,03
12/05/2015;27,87
11/05/2015;27,78
08/05/2015;27,9
07/05/2015;27,54
06/05/2015;27
05/05/2015;26,95
04/05/2015;26,66
30/04/2015;26,24
29/04/2015;26,02
28/04/2015;26,29
27/04/2015;26,61
24/04/2015;27,03
23/04/2015;26,01
22/04/2015;25,2
20/04/2015;24,48
17/04/2015;24,9
16/04/2015;25,46
15/04/2015;24,72
14/04/2015;24,11
13/04/2015;24,39
10/04/2015;24,01
09/04/2015;23,62
08/04/2015;24,86
07/04/2015;25,15
06/04/2015;25,18
02/04/2015;24,39
01/04/2015;23,69
31/03/2015;23,11
30/03/2015;22,64
27/03/2015;22,02
26/03/2015;22,3
25/03/2015;23,28
24/03/2015;23,58
23/03/2015;23,72
20/03/2015;23,7
19/03/2015;23,21
18/03/2015;23,57
17/03/2015;22,01
16/03/2015;21,24
13/03/2015;21,17
12/03/2015;21,91
11/03/2015;21,59
10/03/2015;21,32
09/03/2015;21,33
06/03/2015;22,1
05/03/2015;22,42
04/03/2015;22,76
03/03/2015;23,52
02/03/2015;23,56
27/02/2015;23,72
27/02/2015;23,72
26/02/2015;23
25/02/2015;23,02
24/02/2015;23,79
23/02/2015;23,77
20/02/2015;23,97
19/02/2015;24,13
18/02/2015;24,38
13/02/2015;24,08
12/02/2015;22,81
11/02/2015;21,99
10/02/2015;22,15
09/02/2015;22,12
06/02/2015;21,98
05/02/2015;22,83
04/02/2015;21,88
03/02/2015;20,69
02/02/2015;20,19
30/01/2015;20,83
29/01/2015;21,69
28/01/2015;22,27
27/01/2015;22,45
26/01/2015;22,5
23/01/2015;22,78
22/01/2015;22,92
21/01/2015;22,56
20/01/2015;22,46
19/01/2015;22,5
16/01/2015;22,45
15/01/2015;22,49
14/01/2015;22,25
13/01/2015;22,21
12/01/2015;22,22
09/01/2015;22,91
08/01/2015;23,55
07/01/2015;23,5
06/01/2015;22,38
05/01/2015;22,18
02/01/2015;22,82
30/12/2014;24,06
29/12/2014;24,42
26/12/2014;24,49
23/12/2014;24,44
22/12/2014;24,39
19/12/2014;24,01
18/12/2014;23,77
17/12/2014;22,68
16/12/2014;21,7
15/12/2014;22,66
12/12/2014;23,82
11/12/2014;24,34
10/12/2014;24,47
09/12/2014;25,31
08/12/2014;26,36
05/12/2014;26,91
04/12/2014;26,81
03/12/2014;27,17
02/12/2014;27,22
01/12/2014;28,23
28/11/2014;29,55
27/11/2014;29,47
26/11/2014;29,36
25/11/2014;29,39
24/11/2014;29,61
21/11/2014;28,97
19/11/2014;27,11
18/11/2014;25,56
17/11/2014;25,23
14/11/2014;24,22
13/11/2014;25,44
12/11/2014;25,3
11/11/2014;24,8
10/11/2014;25,78
07/11/2014;25,76
06/11/2014;25,38
05/11/2014;26,84
04/11/2014;28,17
03/11/2014;27,16
31/10/2014;27,41
30/10/2014;27
29/10/2014;25,91
28/10/2014;25,73
27/10/2014;23,77
24/10/2014;26,16
23/10/2014;25,64
22/10/2014;27,96
21/10/2014;27,99
20/10/2014;30,68
17/10/2014;31,8
16/10/2014;31,3
15/10/2014;31,75
14/10/2014;33,32
13/10/2014;32,91
10/10/2014;30,65
09/10/2014;31,64
08/10/2014;30,2
07/10/2014;30,37
06/10/2014;29,3
03/10/2014;25,77
02/10/2014;25,68
01/10/2014;25,09
30/09/2014;25,67
29/09/2014;27,51
26/09/2014;29,99
25/09/2014;28,93
24/09/2014;29,83
23/09/2014;30,49
22/09/2014;30,31
19/09/2014;32,02
18/09/2014;32,86
17/09/2014;33,73
16/09/2014;33,21
15/09/2014;31,33
12/09/2014;31,11
11/09/2014;32,21
10/09/2014;31,7
09/09/2014;32,5
08/09/2014;33,53
05/09/2014;34,41
04/09/2014;35,49
03/09/2014;37,14
02/09/2014;36,8
01/09/2014;35,91
29/08/2014;34,47
29/08/2014;34,47
28/08/2014;33,22
27/08/2014;32,52
26/08/2014;31,33
25/08/2014;30,99
22/08/2014;30,17
21/08/2014;30,38
20/08/2014;30,06
19/08/2014;29,8
18/08/2014;29,19
15/08/2014;28,91
14/08/2014;28,58
13/08/2014;27,93
12/08/2014;27,61
11/08/2014;27,58
08/08/2014;27,27
07/08/2014;27,91
06/08/2014;28,22
05/08/2014;27,92
04/08/2014;27,37
01/08/2014;27,27
31/07/2014;27,84
30/07/2014;28,54
29/07/2014;28,89
28/07/2014;29,18
25/07/2014;29,41
24/07/2014;29,66
23/07/2014;28,98
22/07/2014;28,87
21/07/2014;28,66
18/07/2014;28,48
17/07/2014;27,38
16/07/2014;27,33
15/07/2014;27,13
14/07/2014;26,93
11/07/2014;26,35
10/07/2014;26,12
08/07/2014;25,15
07/07/2014;24,76
04/07/2014;24,62
03/07/2014;24,47
02/07/2014;24,52
01/07/2014;24,97
30/06/2014;24,79
27/06/2014;25,17
26/06/2014;25,36
25/06/2014;25,49
24/06/2014;25,71
23/06/2014;25,29
20/06/2014;25,5
18/06/2014;25,6
17/06/2014;26,16
16/06/2014;26,61
13/06/2014;26,18
11/06/2014;26,35
10/06/2014;25,7
09/06/2014;24,97
06/06/2014;24,33
05/06/2014;23,28
04/06/2014;23,02
03/06/2014;22,97
02/06/2014;22,95
30/05/2014;22,84
29/05/2014;23,26
28/05/2014;23,23
27/05/2014;22,71
26/05/2014;22,4
23/05/2014;22,53
22/05/2014;22,38
21/05/2014;23,47
20/05/2014;24,2
19/05/2014;23,87
16/05/2014;24,05
15/05/2014;23,89
14/05/2014;24,02
13/05/2014;23,84
12/05/2014;23,79
09/05/2014;23,83
08/05/2014;24,24
07/05/2014;24,72
06/05/2014;24,61
05/05/2014;24,24
02/05/2014;23,74
30/04/2014;23,5
29/04/2014;24,02
28/04/2014;23,12
25/04/2014;23,37
24/04/2014;23,75
23/04/2014;23,98
22/04/2014;24,06
17/04/2014;23,78
16/04/2014;23,09
15/04/2014;23,12
14/04/2014;23,55
11/04/2014;23,57
10/04/2014;23,31
09/04/2014;23,31
08/04/2014;24,88
07/04/2014;24,45
04/04/2014;23,56
03/04/2014;23,33
02/04/2014;23,5
01/04/2014;22,88
31/03/2014;22,65
28/03/2014;22,36
27/03/2014;22,26
26/03/2014;21,2
25/03/2014;20,9
24/03/2014;20,79
21/03/2014;20,6
20/03/2014;20,56
19/03/2014;19,57
18/03/2014;18,98
17/03/2014;18,85
14/03/2014;18,93
13/03/2014;19,31
12/03/2014;19,05
11/03/2014;19,77
10/03/2014;19,79
07/03/2014;20,03
06/03/2014;20,46
05/03/2014;20,57
28/02/2014;20,57
27/02/2014;20,09
26/02/2014;19,51
25/02/2014;19,74
24/02/2014;19,83
24/02/2014;19,83
21/02/2014;20,25
20/02/2014;20,27
19/02/2014;19,59
18/02/2014;20,32
17/02/2014;20,58
14/02/2014;20,58
13/02/2014;20,8
12/02/2014;22,02
11/02/2014;22,01
10/02/2014;21,86
07/02/2014;21,41
06/02/2014;21,18
05/02/2014;20,56
04/02/2014;20,75
03/02/2014;20,41
31/01/2014;20,5
30/01/2014;20,2
29/01/2014;20,52
28/01/2014;21,43
27/01/2014;21,21
24/01/2014;21,21
23/01/2014;21,91
22/01/2014;22,48
21/01/2014;22,48
20/01/2014;22,29
17/01/2014;22,56
16/01/2014;23,11
15/01/2014;23,29
14/01/2014;23,11
13/01/2014;22,73
10/01/2014;22,61
09/01/2014;22,49
08/01/2014;23,2
07/01/2014;23,75
06/01/2014;23,83
03/01/2014;24,03
02/01/2014;24,16
30/12/2013;24,41
27/12/2013;24,39
26/12/2013;24,47
23/12/2013;24,54
20/12/2013;24,48
19/12/2013;24,21
18/12/2013;24,26
17/12/2013;24,16
16/12/2013;24,26
13/12/2013;24,11
12/12/2013;23,68
11/12/2013;24,08
10/12/2013;24,74
09/12/2013;24,86
06/12/2013;25,1
05/12/2013;24,42
04/12/2013;24,23
03/12/2013;24,66
02/12/2013;25,26
29/11/2013;25,53
28/11/2013;25,47
27/11/2013;25,22
26/11/2013;24,66
25/11/2013;24,03
22/11/2013;24,78
21/11/2013;25,66
19/11/2013;26,4
18/11/2013;27,04
14/11/2013;26,89
13/11/2013;26,81
12/11/2013;26,96
11/11/2013;27,93
08/11/2013;28,13
07/11/2013;28,85
06/11/2013;28,81
05/11/2013;29,46
04/11/2013;29,71
01/11/2013;29,63
31/10/2013;29,48
30/10/2013;29,04
29/10/2013;28,67
28/10/2013;28,64
25/10/2013;28,75
24/10/2013;28,23
23/10/2013;28,11
22/10/2013;27,96
21/10/2013;28,19
18/10/2013;28,17
17/10/2013;27,63
16/10/2013;27,56
15/10/2013;26,97
14/10/2013;26,84
11/10/2013;26,71
10/10/2013;26,64
09/10/2013;26,35
08/10/2013;26,01
07/10/2013;26,14
04/10/2013;26,33
03/10/2013;25,98
02/10/2013;26,02
01/10/2013;25,91
30/09/2013;25,95
27/09/2013;26,46
26/09/2013;25,67
25/09/2013;25,58
24/09/2013;26,05
23/09/2013;26,13
20/09/2013;25,35
19/09/2013;25,42
18/09/2013;25,03
17/09/2013;24,2
16/09/2013;24,13
13/09/2013;23,79
12/09/2013;23,84
11/09/2013;24,5
10/09/2013;24,67
09/09/2013;24,08
06/09/2013;23,77
05/09/2013;23,32
04/09/2013;23,05
03/09/2013;23,11
02/09/2013;23,39
30/08/2013;22,85
30/08/2013;22,85
29/08/2013;22,65
28/08/2013;22,03
27/08/2013;21,66
26/08/2013;21,95
23/08/2013;22,04
22/08/2013;22,55
21/08/2013;22,15
20/08/2013;22,6
19/08/2013;22,86
16/08/2013;23,14
15/08/2013;23,14
14/08/2013;23,42
13/08/2013;23,25
12/08/2013;23,11
09/08/2013;22,4
08/08/2013;21,95
07/08/2013;21,38
06/08/2013;21,7
05/08/2013;22,44
02/08/2013;23
01/08/2013;22,99
31/07/2013;22,8
30/07/2013;22,99
29/07/2013;22,63
26/07/2013;22,51
25/07/2013;22,77
24/07/2013;22,83
23/07/2013;23,06
22/07/2013;22,66
19/07/2013;22,34
18/07/2013;22,55
17/07/2013;22,37
16/07/2013;21,94
15/07/2013;21,27
12/07/2013;20,88
11/07/2013;20,97
10/07/2013;20,6
08/07/2013;20,45
05/07/2013;20,33
04/07/2013;20,62
03/07/2013;20,46
02/07/2013;21,08
01/07/2013;21,85
28/06/2013;21,86
27/06/2013;21,65
26/06/2013;21,36
25/06/2013;21,34
24/06/2013;20,95
21/06/2013;20,81
20/06/2013;21,09
19/06/2013;22,24
18/06/2013;22,65
17/06/2013;23,22
14/06/2013;23,23
13/06/2013;22,67
12/06/2013;22,55
11/06/2013;23,46
10/06/2013;23,94
07/06/2013;23,83
06/06/2013;24,28
05/06/2013;24,66
04/06/2013;25,06
03/06/2013;25,24
31/05/2013;25,34
29/05/2013;26,14
28/05/2013;27
27/05/2013;26,77
24/05/2013;26,75
23/05/2013;26,52
22/05/2013;26,68
21/05/2013;26,38
20/05/2013;26,39
17/05/2013;25,88
16/05/2013;25,15
15/05/2013;24,91
14/05/2013;25,11
13/05/2013;25,2
10/05/2013;25,36
09/05/2013;25,27
08/05/2013;25,46
07/05/2013;25,15
06/05/2013;24,44
03/05/2013;25,01
02/05/2013;25,06
30/04/2013;25,23
29/04/2013;24,95
26/04/2013;25,36
25/04/2013;25,89
24/04/2013;26,27
23/04/2013;26,73
22/04/2013;26,68
19/04/2013;26,59
18/04/2013;27,09
17/04/2013;27,83
16/04/2013;28,13
15/04/2013;27,9
12/04/2013;28,39
11/04/2013;28,13
10/04/2013;28,22
09/04/2013;27,56
08/04/2013;26,99
05/04/2013;26,46
04/04/2013;26,6
03/04/2013;27,23
02/04/2013;27,63
01/04/2013;27,64
28/03/2013;27,34
27/03/2013;26,87
26/03/2013;26,79
25/03/2013;26,58
22/03/2013;26,58
21/03/2013;26,7
20/03/2013;26,86
19/03/2013;26,23
18/03/2013;26,06
15/03/2013;26,28
14/03/2013;26,09
13/03/2013;26,22
12/03/2013;26,71
11/03/2013;27,16
08/03/2013;27,06
07/03/2013;26,83
06/03/2013;26,64
05/03/2013;26,55
04/03/2013;26,37
01/03/2013;26,84
28/02/2013;26,26
27/02/2013;25,93
26/02/2013;25,34
25/02/2013;25,45
22/02/2013;25,62
21/02/2013;25,15
20/02/2013;24,32
19/02/2013;24,44
18/02/2013;24,24
15/02/2013;24,18
14/02/2013;23,65
13/02/2013;23,88
08/02/2013;23,8
07/02/2013;23,89
06/02/2013;23,78
05/02/2013;24,11
04/02/2013;23,84
01/02/2013;24,27
31/01/2013;24,29
30/01/2013;24,85
29/01/2013;24,88
28/01/2013;24,7
24/01/2013;25,5
23/01/2013;25,47
22/01/2013;25,68
21/01/2013;25,91
18/01/2013;26,19
17/01/2013;26,96
16/01/2013;26,69
15/01/2013;26,71
14/01/2013;26,86
11/01/2013;26,03
10/01/2013;26,27
09/01/2013;26,64
08/01/2013;26,68
07/01/2013;26,1
04/01/2013;26,1
03/01/2013;26,2
02/01/2013;25,78
28/12/2012;25,47
27/12/2012;24,94
26/12/2012;24,87
21/12/2012;24,79
20/12/2012;24,59
19/12/2012;23,76
18/12/2012;22,77
17/12/2012;22,38
14/12/2012;22,4
13/12/2012;22,92
12/12/2012;23,18
11/12/2012;23,03
10/12/2012;22,92
07/12/2012;22,71
06/12/2012;22,24
05/12/2012;22,34
04/12/2012;22,25
03/12/2012;22,06
30/11/2012;21,84
29/11/2012;22,28
28/11/2012;21,79
27/11/2012;22,1
26/11/2012;22,03
23/11/2012;21,23
22/11/2012;21
21/11/2012;20,92
19/11/2012;21,13
16/11/2012;21,15
14/11/2012;21,13
13/11/2012;20,98
12/11/2012;20,97
09/11/2012;21,17
08/11/2012;21,92
07/11/2012;22,48
06/11/2012;22,78
05/11/2012;22,54
01/11/2012;22,62
31/10/2012;21,8
30/10/2012;21,96
29/10/2012;21,86
26/10/2012;21,95
25/10/2012;22,25
24/10/2012;21,95
23/10/2012;22,18
22/10/2012;22,69
19/10/2012;22,78
18/10/2012;22,98
17/10/2012;23
16/10/2012;23,07
15/10/2012;23,19
11/10/2012;22,9
10/10/2012;22,63
09/10/2012;22,86
08/10/2012;22,8
05/10/2012;23,83
04/10/2012;24,67
03/10/2012;24,72
02/10/2012;25,07
01/10/2012;24,93
28/09/2012;24,54
27/09/2012;25,84
26/09/2012;25,49
25/09/2012;25,58
24/09/2012;26,49
21/09/2012;26,71
20/09/2012;26,4
19/09/2012;26,4
18/09/2012;25,91
17/09/2012;26,37
14/09/2012;26,38
13/09/2012;25,95
12/09/2012;25,51
11/09/2012;25,13
10/09/2012;25,16
06/09/2012;24,82
05/09/2012;23,99
04/09/2012;23,46
03/09/2012;23,38
31/08/2012;23,29
30/08/2012;23,36
29/08/2012;23,9
28/08/2012;24,06
27/08/2012;23,36
24/08/2012;22,89
23/08/2012;23,13
22/08/2012;23,38
21/08/2012;23,37
20/08/2012;23,41
17/08/2012;23,6
16/08/2012;23,36
15/08/2012;22,68
14/08/2012;22,79
13/08/2012;23,62
10/08/2012;23,84
09/08/2012;23,52
08/08/2012;23,67
07/08/2012;23,61
06/08/2012;23,63
03/08/2012;23,09
02/08/2012;22,21
01/08/2012;21,94
31/07/2012;21,79
30/07/2012;21,79
27/07/2012;21,44
26/07/2012;20,38
25/07/2012;19,45
24/07/2012;19,71
23/07/2012;19,34
20/07/2012;20,01
19/07/2012;19,95
18/07/2012;18,95
17/07/2012;18,28
16/07/2012;18,52
13/07/2012;18,51
12/07/2012;18,41
11/07/2012;18,69
10/07/2012;19,16
06/07/2012;19,43
05/07/2012;19,94
04/07/2012;19,94
03/07/2012;19,95
02/07/2012;19,48
29/06/2012;19,39
28/06/2012;18,74
27/06/2012;18,8
26/06/2012;18,77
25/06/2012;19,27
22/06/2012;20,03
21/06/2012;20,52
20/06/2012;20,6
19/06/2012;20,55
18/06/2012;19,54
15/06/2012;19,05
14/06/2012;19,18
13/06/2012;19,4
12/06/2012;19,32
11/06/2012;19,42
08/06/2012;19,03
06/06/2012;19,13
05/06/2012;19,09
04/06/2012;19,54
01/06/2012;19,93
31/05/2012;19,78
30/05/2012;19,91
29/05/2012;20,49
28/05/2012;20,71
25/05/2012;20,79
24/05/2012;20,57
23/05/2012;20,4
22/05/2012;21,67
21/05/2012;21,16
18/05/2012;20,01
17/05/2012;19,69
16/05/2012;20,49
15/05/2012;20,87
14/05/2012;21,44
11/05/2012;22,42
10/05/2012;22,63
09/05/2012;22,41
08/05/2012;22,74
07/05/2012;22,89
04/05/2012;22,82
03/05/2012;22,68
02/05/2012;23,1
30/04/2012;23,52
27/04/2012;23,39
26/04/2012;23,14
25/04/2012;23,17
24/04/2012;23,65
23/04/2012;23,69
20/04/2012;24,14
19/04/2012;23,84
18/04/2012;23,44
17/04/2012;23,58
16/04/2012;24,23
13/04/2012;24,52
12/04/2012;24,96
11/04/2012;24,61
10/04/2012;24,17
09/04/2012;23,97
05/04/2012;24,1
04/04/2012;24,82
03/04/2012;25,79
02/04/2012;25,83
30/03/2012;26,15
29/03/2012;26,32
28/03/2012;26,87
27/03/2012;27,41
26/03/2012;27,29
23/03/2012;26,83
22/03/2012;27,28
21/03/2012;28,26
20/03/2012;28,5
19/03/2012;28,68
16/03/2012;28,94
15/03/2012;28,6
14/03/2012;29,17
13/03/2012;29,32
12/03/2012;28,61
09/03/2012;28,99
08/03/2012;28,92
07/03/2012;28,59
06/03/2012;28,03
05/03/2012;28,44
02/03/2012;28,5
01/03/2012;28,13
29/02/2012;27,84
28/02/2012;27,42
27/02/2012;27,01
24/02/2012;27,3
23/02/2012;27,71
22/02/2012;27,97
17/02/2012;28,12
16/02/2012;28,28
15/02/2012;28,13
14/02/2012;27,16
13/02/2012;26,18
10/02/2012;26,1
09/02/2012;26,99
08/02/2012;27,4
07/02/2012;27,13
06/02/2012;27,01
03/02/2012;27,25
02/02/2012;27,25
01/02/2012;27,5
31/01/2012;27,12
30/01/2012;27,02
27/01/2012;26,92
26/01/2012;26,48
24/01/2012;25,91
23/01/2012;25,93
20/01/2012;26
19/01/2012;25,64
18/01/2012;25,43
17/01/2012;24,86
16/01/2012;24,63
13/01/2012;24,45
12/01/2012;24,36
11/01/2012;24,17
10/01/2012;23,74
09/01/2012;23,23
06/01/2012;23,48
05/01/2012;23,76
04/01/2012;23,99
03/01/2012;24,26
02/01/2012;23,95
